19, 9
, 32, 12, 25, 32, 12, 25, 32, 12, 25, 513, 26, 25, 512, 26, 25, 512, 26, 25, 512, 26, 25, 512, 25, 26, 512, 25, 26, 512, 25, 26, 512, 25, 26, 512, 25, 26, 512, 25, 26, 512, 25, 26, 512, 25, 26, 512, 25, 26, 513, 26, 25, 32, 12, 25, 32, 12, 25
, 32, 12, 25, 32, 12, 25, 32, 12, 25, 329, 0, 12, 393, 27, 25, 394, 27, 26, 514, 25, 26, 514, 26, 25, 514, 0, 26, 514, 26, 0, 514, 26, 0, 514, 26, 0, 514, 0, 26, 514, 25, 26, 514, 25, 26, 514, 25, 26, 512, 25, 26, 513, 26, 25, 32, 12, 25
, 32, 12, 25, 32, 12, 25, 32, 12, 25, 329, 0, 12, 519, 12, 27, 535, 27, 12, 393, 12, 0, 394, 28, 0, 572, 5, 0, 362, 5, 0, 572, 5, 0, 363, 5, 0, 362, 5, 0, 32, 1, 0, 513, 26, 0, 514, 25, 26, 515, 25, 26, 512, 25, 26, 513, 26, 25
, 32, 12, 25, 32, 12, 25, 32, 12, 25, 329, 0, 12, 535, 27, 12, 535, 27, 12, 519, 28, 12, 572, 5, 28, 513, 5, 1, 513, 5, 1, 513, 5, 1, 513, 5, 1, 572, 5, 0, 32, 1, 0, 513, 26, 0, 514, 25, 26, 515, 25, 26, 512, 25, 26, 513, 26, 25
, 32, 12, 25, 32, 12, 25, 32, 12, 25, 329, 0, 12, 535, 27, 12, 535, 27, 12, 519, 28, 12, 361, 5, 28, 513, 5, 1, 32, 0, 1, 32, 0, 1, 513, 5, 1, 362, 5, 0, 363, 5, 0, 513, 26, 0, 514, 25, 26, 515, 25, 26, 512, 25, 26, 513, 26, 25
, 32, 12, 25, 32, 12, 25, 32, 12, 25, 329, 0, 12, 519, 27, 12, 535, 27, 12, 519, 28, 12, 363, 5, 28, 513, 5, 1, 32, 0, 1, 32, 0, 1, 513, 5, 1, 572, 5, 0, 499, 5, 0, 513, 26, 0, 514, 25, 26, 515, 25, 26, 512, 25, 26, 513, 26, 25
, 32, 12, 25, 32, 12, 25, 32, 12, 25, 329, 0, 12, 535, 27, 12, 535, 27, 12, 519, 28, 12, 572, 5, 28, 513, 5, 1, 32, 5, 1, 32, 5, 1, 513, 5, 1, 572, 5, 0, 363, 5, 0, 513, 26, 0, 514, 25, 26, 515, 25, 26, 512, 25, 26, 513, 26, 25
, 32, 12, 20, 32, 12, 20, 32, 12, 20, 329, 0, 12, 519, 12, 27, 535, 27, 12, 391, 20, 12, 392, 20, 28, 383, 4, 20, 32, 20, 4, 32, 20, 4, 382, 4, 20, 32, 4, 20, 32, 28, 20, 32, 28, 20, 32, 28, 20, 32, 12, 20, 32, 12, 20, 32, 12, 20
, 32, 12, 20, 32, 12, 20, 32, 12, 20, 329, 0, 12, 391, 20, 27, 392, 20, 27, 32, 4, 20, 383, 4, 20, 514, 20, 4, 32, 20, 4, 514, 20, 4, 32, 20, 4, 382, 4, 20, 32, 4, 20, 32, 4, 20, 32, 4, 20, 32, 4, 20, 32, 4, 20, 32, 4, 20
